<?xml version="1.0" encoding="UTF-8"?>
<!DOCTYPE mapper 
PUBLIC "-//mybatis.org//DTD Mapper 3.0//EN" 
"http://mybatis.org/dtd/mybatis-3-mapper.dtd" >

<mapper namespace="com.koreait.nearby.repository.ReplyRepository">

	<resultMap type="ProFile" id="ProFileMap">
		<result column="R_NO" property="rNo" />
		<result column="ID" property="id" />
		<result column="B_NO" property="bNo" />
		<result column="LIKES" property="likes" />
		<result column="CREATED" property="created" />
		<result column="MODIFIED" property="modified" />
		<result column="DEPTH" property="depth" />
		<result column="STATE" property="state" />
	</resultMap>
	
	
</mapper>